_id,societyId,residentId,flatId,complaintNumber,title,description,category,priority,status,residentFeedback,expectedResolutionAt,actualResolutionAt,isArchived,predictionStatus,aiOverridden,createdAt,attachments,__v,updatedAt,created_month,created_weekday,created_hour,complaint_age_days,resolution_time_hours,is_open,complaint_age_bucket,resolution_sla_missed
6a60919d62a1662d3b68036b,6a5b33f154b73fc9cb5effdf,6a5e40d56ed32b9a22aee986,6a5b4909656cac97daff6b8d,CMP-2026-0079,Sopor urbanus utrimque aperio somniculosus ipsa thermae.,Supellex nemo turba cognomen utpote vulgivagus cito tantum. Sumptus suffragium aro comburo theca. Astrum repellat ager crebro vapulus defleo.,OTHER,HIGH,assigned,,2026-07-18 01:19:21.960,,False,PENDING,False,2026-07-16 01:19:21.960000+00:00,[],0,2026-07-22 09:47:09.306000+00:00,7,3,1,6.352888754942129,,False,3-7 days,False
6a60919d62a1662d3b680325,6a5b33f154b73fc9cb5effdf,6a5faffaf9a6aaf7b13e2e1f,6a5e3f3f6ed32b9a22aee907,CMP-2026-0009,Depromo audentia clementia theologus claustrum subiungo certe.,Coaegresco valetudo vindico asporto contego statim verus arbor alveus cupiditas. Adhuc audentia peior alias comedo pel averto stultus caries sponte. Cavus cimentarius ventosus cetera turba auxilium.,LIFT,CRITICAL,resolved,,2026-05-07 18:00:07.450,2026-07-22 08:41:38.608,False,PENDING,False,2026-05-05 18:00:07.450000+00:00,[],0,2026-07-22 09:47:09.304000+00:00,5,1,18,77.65791780586807,1863.7838483333333,False,30+ days,False
6a60919d62a1662d3b680334,6a5b33f154b73fc9cb5effdf,6a5b5008120eac5c280cb195,6a5e3f3f6ed32b9a22aee94e,CMP-2026-0024,Velit ante reprehenderit uter ab.,Ad inventore atque officia abscido. Temporibus uter despecto denuo adiuvo. Tripudio usitas trepide desidero absorbeo confugo taedium verbum claudeo.,ELECTRICAL,CRITICAL,open,,2026-07-13 05:39:41.265,,False,PENDING,False,2026-07-11 05:39:41.265000+00:00,[],0,2026-07-22 09:47:09.305000+00:00,7,5,5,11.172109761886574,,False,8-30 days,False
6a60919d62a1662d3b680323,6a5b33f154b73fc9cb5effdf,6a5fb2a4f9a6aaf7b13e2f11,6a5e3f3f6ed32b9a22aee90a,CMP-2026-0007,Animadverto adfero adeo callide.,Quibusdam vapulus tergum supplanto. Conventus autus videlicet libero totidem. Thermae amicitia summa vero thymbra.,LIFT,MEDIUM,assigned,,2026-05-13 12:25:48.779,,False,PENDING,False,2026-05-11 12:25:48.779000+00:00,[],0,2026-07-22 09:47:09.304000+00:00,5,0,12,71.89007834984953,,False,30+ days,False
6a60919d62a1662d3b680374,6a5b33f154b73fc9cb5effdf,6a5e40d56ed32b9a22aee986,6a5b4909656cac97daff6b7b,CMP-2026-0088,Amaritudo crinis suffoco bonus ceno volutabrum.,Auditor subiungo apud solvo ea alius aurum arguo patrocinor modi. Ceno cena aut capitulus adamo villa thema abeo. Suasoria consequatur theatrum deduco solium denique.,PLUMBING,MEDIUM,resolved,,2026-06-27 00:06:08.814,2026-07-12 23:19:09.774,False,PENDING,False,2026-06-25 00:06:08.814000+00:00,[],0,2026-07-22 09:47:09.307000+00:00,6,3,0,27.40373535216435,657.6834702777777,False,8-30 days,False
6a60919d62a1662d3b68034b,6a5b33f154b73fc9cb5effdf,6a5faffaf9a6aaf7b13e2e20,6a605be607be72cd0147a5c0,CMP-2026-0047,Optio deficio deporto corrigo cuius depereo nulla.,Atque tripudio compono subseco cupressus conitor. Voro celer adiuvo conservo. Comprehendo ascit similique defaeco vitiosus quis.,PARKING,CRITICAL,closed,,2026-05-29 05:47:47.402,2026-06-28 20:15:55.635,False,PENDING,False,2026-05-27 05:47:47.402000+00:00,[],0,2026-07-22 09:47:09.305000+00:00,5,2,5,56.16648317623842,1347.9894175,False,30+ days,False
6a60919d62a1662d3b680331,6a5b33f154b73fc9cb5effdf,6a5e40d56ed32b9a22aee986,6a5b4909656cac97daff6b51,CMP-2026-0021,Beneficium clarus consuasor viscus solutio virga alo celo cernuus.,Torqueo claudeo sol curiositas aestas tactus numquam conitor causa. Tenus curriculum civitas celer charisma. Assentator caste omnis voluptates abeo capto sursum casso versus.,SECURITY,HIGH,closed,,2026-05-15 15:11:15.595,2026-06-21 02:43:41.294,False,PENDING,False,2026-05-13 15:11:15.595000+00:00,[],0,2026-07-22 09:47:09.305000+00:00,5,2,15,69.77518464614583,1674.5982527777778,False,30+ days,False
6a60919d62a1662d3b680342,6a5b33f154b73fc9cb5effdf,6a5e40d56ed32b9a22aee986,6a605be607be72cd0147a5a5,CMP-2026-0038,Testimonium appono nisi aequus somniculosus decens coaegresco deleniti volubilis subvenio.,Vindico utique animi. Acerbitas umquam apparatus desipio cedo aliqua. Clibanus turba nam nisi.,LIFT,CRITICAL,closed,,2026-06-05 14:03:54.279,2026-07-16 01:57:46.392,False,PENDING,False,2026-06-03 14:03:54.279000+00:00,[],0,2026-07-22 09:47:09.305000+00:00,6,2,14,48.82195913688657,1171.7208405555557,False,30+ days,False
6a60919d62a1662d3b680368,6a5b33f154b73fc9cb5effdf,6a605fde07be72cd0147a6cc,6a5e3f3f6ed32b9a22aee8da,CMP-2026-0076,Dolor absens termes curis.,Admoneo comprehendo neque ea confero basium pauper abbas talio agnosco. Subito ventus surculus super conatus. Caelestis aperio saepe canonicus distinctio creator thorax curso.,OTHER,LOW,closed,,2026-07-12 17:03:22.349,2026-07-12 19:40:21.114,False,PENDING,False,2026-07-10 17:03:22.349000+00:00,[],0,2026-07-22 09:47:09.306000+00:00,7,4,17,11.69732869707176,280.72971027777777,False,8-30 days,False
6a60919d62a1662d3b68037f,6a5b33f154b73fc9cb5effdf,6a5fb2a4f9a6aaf7b13e2f11,6a5e3f3f6ed32b9a22aee8e0,CMP-2026-0099,Ver aggero taceo complectus thema adaugeo tergiversatio.,Agnitio absque fuga deludo architecto laudantium. Ascisco sequi aufero aufero caecus tenuis a demens sit at. Beatus amiculum spargo.,LIFT,LOW,open,,2026-07-06 16:09:20.512,,False,PENDING,False,2026-07-04 16:09:20.512000+00:00,[],0,2026-07-22 09:47:09.307000+00:00,7,5,16,17.734849958645835,,False,8-30 days,False
6a60919d62a1662d3b68035e,6a5b33f154b73fc9cb5effdf,6a5b5008120eac5c280cb195,6a5e3f3f6ed32b9a22aee928,CMP-2026-0066,Cornu vespillo audax abstergo nesciunt uterque.,Confero colligo adopto tabesco tum voro clementia deduco usitas. Textor ad alias administratio corporis desparatus. Speciosus acerbitas adulatio.,LIFT,MEDIUM,rejected,,2026-05-12 16:08:10.282,,False,PENDING,False,2026-05-10 16:08:10.282000+00:00,[],0,2026-07-22 09:47:09.306000+00:00,5,6,16,72.73566280586806,,False,30+ days,False
6a60919d62a1662d3b680351,6a5b33f154b73fc9cb5effdf,6a5e40d56ed32b9a22aee986,6a5e3f3f6ed32b9a22aee8e8,CMP-2026-0053,Tergiversatio casus similique sum toties sum.,Cumque omnis casso altus taceo chirographum degusto. Colo cotidie spoliatio sumptus vulgaris. Doloribus culpo vulgivagus concedo.,PARKING,MEDIUM,assigned,,2026-06-05 23:24:42.794,,False,PENDING,False,2026-06-03 23:24:42.794000+00:00,[],0,2026-07-22 09:47:09.306000+00:00,6,2,23,48.43250873179398,,False,30+ days,False
6a60919d62a1662d3b68033e,6a5b33f154b73fc9cb5effdf,6a5e40d56ed32b9a22aee986,6a5b4909656cac97daff6b3b,CMP-2026-0034,Copiose autus demens.,Crebro amplitudo pauper delectatio coruscus amaritudo venustas vae caste adipisci. Articulus quasi solutio earum templum creator surculus acervus sublime basium. Viscus deserunt arbustum suggero.,CLEANING,HIGH,closed,,2026-07-08 02:41:36.357,2026-07-11 01:46:39.585,False,PENDING,False,2026-07-06 02:41:36.357000+00:00,[],0,2026-07-22 09:47:09.305000+00:00,7,0,2,16.295777678553243,391.0924855555556,False,8-30 days,False
6a60919d62a1662d3b68035a,6a5b33f154b73fc9cb5effdf,6a605fde07be72cd0147a6cc,6a5fc8d832835ae9b257d58f,CMP-2026-0062,Thymum stillicidium patior patrocinor altus.,Vorax acer temeritas vinco coadunatio cauda tricesimus coniecto appono. Arbustum laudantium delego dapifer consuasor sophismata. Sumo suasoria asperiores sodalitas administratio tamquam error rem pecto textor.,CLEANING,MEDIUM,assigned,,2026-06-18 21:31:14.592,,False,PENDING,False,2026-06-16 21:31:14.592000+00:00,[],0,2026-07-22 09:47:09.306000+00:00,6,1,21,35.51130736605324,,False,30+ days,False
6a60919d62a1662d3b68036a,6a5b33f154b73fc9cb5effdf,6a5faffaf9a6aaf7b13e2e1f,6a5fc8d832835ae9b257d59e,CMP-2026-0078,Tametsi amor sursum cognomen voluntarius.,Eius voluptates tepidus utrum currus. Terreo atrox deorsum synagoga praesentium. Tot sulum trucido thesaurus arguo acervus cruentus.,ELECTRICAL,HIGH,assigned,,2026-06-21 07:27:07.955,,False,PENDING,False,2026-06-19 07:27:07.955000+00:00,[],0,2026-07-22 09:47:09.306000+00:00,6,4,7,33.097495294293985,,False,30+ days,False
6a60919d62a1662d3b68033a,6a5b33f154b73fc9cb5effdf,6a605fde07be72cd0147a6cc,6a605be607be72cd0147a5b1,CMP-2026-0030,Trepide adhaero officiis autus cultura confugo voluptatibus synagoga.,Infit balbus attonbitus summisse una speciosus convoco amo quasi audax. Clementia tabella depromo voco. Averto cibo contego adulatio ceno cubitum quia qui.,OTHER,CRITICAL,resolved,,2026-07-06 20:53:31.254,2026-07-04 21:48:05.736,False,PENDING,False,2026-07-04 20:53:31.254000+00:00,[],0,2026-07-22 09:47:09.305000+00:00,7,5,20,17.537503407719907,420.89390305555554,False,8-30 days,False
6a60919d62a1662d3b680348,6a5b33f154b73fc9cb5effdf,6a5faffaf9a6aaf7b13e2e20,6a5b4909656cac97daff6b45,CMP-2026-0044,Demens desidero coaegresco benevolentia demum admitto.,Angelus tollo cresco cibus anser adstringo. Conqueror virtus sursum amicitia cubicularis. Taedium vir curis.,PLUMBING,LOW,rejected,,2026-06-11 13:45:25.252,,False,PENDING,False,2026-06-09 13:45:25.252000+00:00,[],0,2026-07-22 09:47:09.305000+00:00,6,1,13,42.83479509753472,,False,30+ days,False
6a60919d62a1662d3b680356,6a5b33f154b73fc9cb5effdf,6a5faffaf9a6aaf7b13e2e1f,6a605be607be72cd0147a5aa,CMP-2026-0058,Conscendo utpote quis utrimque odit canto totidem.,Nulla commodo contigo adstringo confugo terga tremo ventosus laudantium. Angulus viriliter cruentus annus comitatus alioqui venia. Tutis curia averto ambitus talis virtus usus.,SECURITY,HIGH,resolved,,2026-05-29 12:44:09.886,2026-06-12 16:24:10.307,False,PENDING,False,2026-05-27 12:44:09.886000+00:00,[],0,2026-07-22 09:47:09.306000+00:00,5,2,12,55.87733405586805,1341.0498388888889,False,30+ days,False
6a60919d62a1662d3b680362,6a5b33f154b73fc9cb5effdf,6a5fb2a4f9a6aaf7b13e2f11,6a5e3f3f6ed32b9a22aee8db,CMP-2026-0070,Agnosco reiciendis collum.,Patior utrimque desidero viduo tricesimus maiores celo coadunatio defetiscor. Vilis perspiciatis stipes terra attero derideo. Desolo triumphus atqui accendo tunc.,OTHER,MEDIUM,resolved,,2026-06-26 04:17:21.881,2026-06-30 09:12:44.241,False,PENDING,False,2026-06-24 04:17:21.881000+00:00,[],0,2026-07-22 09:47:09.306000+00:00,6,2,4,28.229278558182877,677.4965069444444,False,8-30 days,False
6a60919d62a1662d3b680355,6a5b33f154b73fc9cb5effdf,6a5faffaf9a6aaf7b13e2e20,6a5e3f3f6ed32b9a22aee905,CMP-2026-0057,Accusamus assumenda consequuntur tergeo utique stillicidium.,Ubi abduco damnatio curo ustulo. Patria illum vinum quo deorsum deserunt. Voluntarius decens canonicus temeritas convoco tergum comparo trans cubicularis.,SECURITY,HIGH,resolved,,2026-04-28 12:55:30.675,2026-05-08 18:37:48.122,False,PENDING,False,2026-04-26 12:55:30.675000+00:00,[],0,2026-07-22 09:47:09.306000+00:00,4,6,12,86.86945455355324,2084.860730833333,False,30+ days,False
6a60919d62a1662d3b68033d,6a5b33f154b73fc9cb5effdf,6a5e40d56ed32b9a22aee986,6a5fc8d832835ae9b257d591,CMP-2026-0033,Acceptus officiis usque torqueo.,Terror cornu venio alii stips creber tardus sustineo vilis cunctatio. Contigo aurum consuasor arto ceno angelus. Ver umquam suppellex.,PLUMBING,MEDIUM,rejected,,2026-05-16 09:09:02.136,,False,PENDING,False,2026-05-14 09:09:02.136000+00:00,[],0,2026-07-22 09:47:09.305000+00:00,5,3,9,69.02672931049769,,False,30+ days,False
6a60919d62a1662d3b680350,6a5b33f154b73fc9cb5effdf,6a5faffaf9a6aaf7b13e2e20,6a5e3f3f6ed32b9a22aee935,CMP-2026-0052,Sopor illum ter videlicet veniam vitae.,Ante volubilis apud tabella deputo sordeo aeternus advoco victus creo. Agnitio cubicularis crudelis. Admiratio aestas theologus.,PARKING,HIGH,in_progress,,2026-05-05 16:05:12.132,,False,PENDING,False,2026-05-03 16:05:12.132000+00:00,[],0,2026-07-22 09:47:09.306000+00:00,5,6,16,79.73772472716436,,True,30+ days,True
6a60919d62a1662d3b68036e,6a5b33f154b73fc9cb5effdf,6a605fde07be72cd0147a6cc,6a5e3f3f6ed32b9a22aee914,CMP-2026-0082,Alii cursus stultus defero abscido.,Arto cenaculum antiquus arca aequitas unde tribuo templum adfero. Deripio sursum caterva virga capio caveo stipes unde. Voluptas ascisco asporto.,PLUMBING,LOW,rejected,,2026-06-21 07:47:41.004,,False,PENDING,False,2026-06-19 07:47:41.004000+00:00,[],0,2026-07-22 09:47:09.306000+00:00,6,4,7,33.08322389383102,,False,30+ days,False
6a60919d62a1662d3b680346,6a5b33f154b73fc9cb5effdf,6a5e40d56ed32b9a22aee986,6a5fc8d832835ae9b257d59a,CMP-2026-0042,Carcer somniculosus defleo atrox canis accusamus.,Curto adeptio speculum sublime doloribus. Maxime chirographum facilis autem cariosus. Cursus attero torrens.,CLEANING,MEDIUM,open,,2026-05-22 04:36:32.978,,False,PENDING,False,2026-05-20 04:36:32.978000+00:00,[],0,2026-07-22 09:47:09.305000+00:00,5,2,4,63.21595567623842,,False,30+ days,False
6a60919d62a1662d3b680372,6a5b33f154b73fc9cb5effdf,6a5b5008120eac5c280cb195,6a5e3f3f6ed32b9a22aee923,CMP-2026-0086,Cohibeo acsi colligo tibi dens aperte totam celer.,Caritas aggero aestas patrocinor subseco armarium. Antiquus creator vulgivagus tenuis tubineus vapulus traho tepesco. Nulla aurum termes campana cupiditas audax culpo ventosus excepturi sed.,OTHER,LOW,closed,,2026-07-03 07:37:16.469,2026-07-10 18:54:26.025,False,PENDING,False,2026-07-01 07:37:16.469000+00:00,[],0,2026-07-22 09:47:09.306000+00:00,7,2,7,21.09045230818287,506.16467694444447,False,8-30 days,False
6a60919d62a1662d3b680365,6a5b33f154b73fc9cb5effdf,6a5faffaf9a6aaf7b13e2e1f,6a5e3f3f6ed32b9a22aee938,CMP-2026-0073,Sopor conitor admoveo conventus esse toties cenaculum attero adhaero viduo.,Natus beneficium solus. Thesis abstergo utrum auctor texo aliqua circumvenio autem valens. Bis acsi demo consequatur alter vigilo animadverto.,PLUMBING,CRITICAL,resolved,,2026-05-21 15:41:58.239,2026-05-26 07:49:08.222,False,PENDING,False,2026-05-19 15:41:58.239000+00:00,[],0,2026-07-22 09:47:09.306000+00:00,5,1,15,63.75385774799768,1530.0864075,False,30+ days,False
6a60919d62a1662d3b68031f,6a5b33f154b73fc9cb5effdf,6a5faffaf9a6aaf7b13e2e1f,6a5e3f3f6ed32b9a22aee922,CMP-2026-0003,Deputo veritas vinculum expedita casus supplanto corona deserunt calamitas.,Soleo coma tenuis tero ulterius. Amita verbum condico trepide velociter adicio autus claustrum quis aiunt. Ducimus strenuus umerus sit.,SECURITY,HIGH,resolved,,2026-05-15 17:09:47.084,2026-05-30 18:54:46.516,False,PENDING,False,2026-05-13 17:09:47.084000+00:00,[],0,2026-07-22 09:47:09.304000+00:00,5,2,17,69.69287574568287,1672.6228388888887,False,30+ days,False
6a60919d62a1662d3b68036d,6a5b33f154b73fc9cb5effdf,6a605fde07be72cd0147a6cc,6a5fc8d832835ae9b257d58e,CMP-2026-0081,Dolores adficio coaegresco tabgo voluptates thema crapula complectus coruscus appositus.,Crudelis appono corrigo amita. Arto alias accusator tamisium statim turbo supplanto theologus cubicularis tempora. Aequitas arto adhaero solitudo debeo amplitudo bibo cicuta.,GARDENING,LOW,rejected,,2026-05-03 08:14:28.386,,False,PENDING,False,2026-05-01 08:14:28.386000+00:00,[],0,2026-07-22 09:47:09.306000+00:00,5,4,8,82.06461993549769,,False,30+ days,False
6a60919d62a1662d3b68035f,6a5b33f154b73fc9cb5effdf,6a5e40d56ed32b9a22aee986,6a5e3f3f6ed32b9a22aee926,CMP-2026-0067,Est administratio strenuus strues urbs virgo coma adficio.,Spes facere ceno crastinus vir caveo. Facere adamo valetudo stips rerum similique crapula eveniet. Terebro absconditus decerno aspernatur soluta.,PARKING,CRITICAL,resolved,,2026-05-12 13:58:39.232,2026-06-11 04:00:04.879,False,PENDING,False,2026-05-10 13:58:39.232000+00:00,[],0,2026-07-22 09:47:09.306000+00:00,5,6,13,72.82560551420138,1747.8083538888889,False,30+ days,False
6a60919d62a1662d3b680376,6a5b33f154b73fc9cb5effdf,6a5fb2a4f9a6aaf7b13e2f11,6a5fc8d832835ae9b257d58d,CMP-2026-0090,Uter amplexus debeo verbum vulnus benigne venia candidus colligo.,Conqueror amplitudo torqueo strues reprehenderit. Pectus commodi animi valde admiratio. Tempore caste adeo.,PLUMBING,CRITICAL,assigned,,2026-07-05 20:53:56.984,,False,PENDING,False,2026-07-03 20:53:56.984000+00:00,[],0,2026-07-22 09:47:09.307000+00:00,7,4,20,18.537205606793982,,False,8-30 days,False
6a60919d62a1662d3b680364,6a5b33f154b73fc9cb5effdf,6a5fb2a4f9a6aaf7b13e2f11,6a5e3f3f6ed32b9a22aee8e9,CMP-2026-0072,Cogo depono conturbo aegrus exercitationem confugo maiores optio.,Bonus atrocitas supplanto quis ultio usus calamitas surculus. Depono colligo tracto adicio. Conspergo veniam blanditiis victoria.,OTHER,MEDIUM,resolved,,2026-05-08 05:31:29.990,2026-06-07 10:55:14.539,False,PENDING,False,2026-05-06 05:31:29.990000+00:00,[],0,2026-07-22 09:47:09.306000+00:00,5,2,5,77.17779581512733,1852.260921111111,False,30+ days,False
6a60919d62a1662d3b68032c,6a5b33f154b73fc9cb5effdf,6a5faffaf9a6aaf7b13e2e20,6a5e3f3f6ed32b9a22aee91e,CMP-2026-0016,Aqua alveus voluptate vilitas officiis admoneo admitto communis coruscus tendo.,In commodo cultura amo apto tamdiu utor caute stillicidium. Absconditus temptatio cupio concido chirographum. Communis video allatus vacuus minus aduro utique.,ELECTRICAL,CRITICAL,rejected,,2026-05-28 15:52:52.846,,False,PENDING,False,2026-05-26 15:52:52.846000+00:00,[],0,2026-07-22 09:47:09.305000+00:00,5,1,15,56.74628127809027,,False,30+ days,False
6a60919d62a1662d3b680340,6a5b33f154b73fc9cb5effdf,6a5e40d56ed32b9a22aee986,6a5b4909656cac97daff6b59,CMP-2026-0036,Nesciunt coadunatio maxime soluta possimus depereo accedo aufero vallum defendo.,Patrocinor ipsa vindico virtus optio. Cavus addo debitis anser. Abbas comis creber cognatus cohaero ceno vereor corrumpo.,LIFT,HIGH,open,,2026-06-06 03:46:22.485,,False,PENDING,False,2026-06-04 03:46:22.485000+00:00,[],0,2026-07-22 09:47:09.305000+00:00,6,3,3,48.2507993452199,,False,30+ days,False
6a60919d62a1662d3b680378,6a5b33f154b73fc9cb5effdf,6a5faffaf9a6aaf7b13e2e20,6a605be607be72cd0147a5ca,CMP-2026-0092,Ex bos pecus conduco urbs quos carus celo stipes.,Id totidem studio soleo quae cedo deduco. Calcar tersus uxor cotidie. Cerno supplanto delectus synagoga accusantium.,LIFT,HIGH,in_progress,,2026-06-10 00:04:11.121,,False,PENDING,False,2026-06-08 00:04:11.121000+00:00,[],0,2026-07-22 09:47:09.307000+00:00,6,0,0,44.405097539664354,,True,30+ days,True
6a60919d62a1662d3b680328,6a5b33f154b73fc9cb5effdf,6a605fde07be72cd0147a6cc,6a5b4909656cac97daff6b58,CMP-2026-0012,Eius labore demitto bibo.,Bis sollicito tyrannus via. Stabilis beatus talio subiungo creber ullam eum varietas tracto. Tracto aptus dens arcesso.,CLEANING,HIGH,open,,2026-06-01 15:24:10.551,,False,PENDING,False,2026-05-30 15:24:10.551000+00:00,[],0,2026-07-22 09:47:09.305000+00:00,5,5,15,52.766215247997685,,False,30+ days,False
6a60919d62a1662d3b680332,6a5b33f154b73fc9cb5effdf,6a5fb2a4f9a6aaf7b13e2f11,6a5e3f3f6ed32b9a22aee921,CMP-2026-0022,Turba depono terminatio cupiditate crastinus velociter vel.,Cinis conforto cinis tergum abeo ago decet casso. Uxor sumptus capitulus vespillo volubilis nesciunt censura coerceo quibusdam termes. Solum curriculum consequuntur quibusdam tondeo depulso.,PLUMBING,MEDIUM,assigned,,2026-04-26 06:55:04.374,,False,PENDING,False,2026-04-24 06:55:04.374000+00:00,[],0,2026-07-22 09:47:09.305000+00:00,4,4,6,89.11975896327546,,False,30+ days,False
6a60919d62a1662d3b680326,6a5b33f154b73fc9cb5effdf,6a5faffaf9a6aaf7b13e2e20,6a5b4909656cac97daff6bc8,CMP-2026-0010,Charisma adversus conculco aegre abduco.,Conscendo aliqua eius. Vulgaris cenaculum sponte est. Solvo appono tertius apto recusandae benigne.,PLUMBING,HIGH,open,,2026-06-20 08:49:00.869,,False,PENDING,False,2026-06-18 08:49:00.869000+00:00,[],0,2026-07-22 09:47:09.305000+00:00,6,3,8,34.04063286373843,,False,30+ days,False
6a60919d62a1662d3b68036c,6a5b33f154b73fc9cb5effdf,6a5e40d56ed32b9a22aee986,6a605be607be72cd0147a59e,CMP-2026-0080,Curto deprecator dolorem suus creator quis colligo sto.,Tredecim acer appositus solio quibusdam asporto commodo caveo decor tantum. Terga amissio dedico hic terga vesco. Occaecati contego cursim approbo tredecim deprecator alo.,LIFT,LOW,resolved,,2026-07-22 07:49:18.179,2026-07-20 11:42:58.462,False,PENDING,False,2026-07-20 07:49:18.179000+00:00,[],0,2026-07-22 09:47:09.306000+00:00,7,0,7,2.08209918318287,49.96420194444445,False,3-7 days,False
6a60919d62a1662d3b68036f,6a5b33f154b73fc9cb5effdf,6a5e40d56ed32b9a22aee986,6a5b4909656cac97daff6bb6,CMP-2026-0083,Degusto aliquid tui nihil dolore.,Ulterius vorax delicate antiquus deludo cetera. Provident amo clarus armarium. Venia trado aranea conqueror.,PLUMBING,HIGH,in_progress,,2026-05-23 21:40:38.417,,False,PENDING,False,2026-05-21 21:40:38.417000+00:00,[],0,2026-07-22 09:47:09.306000+00:00,5,3,21,61.50478161373843,,True,30+ days,True
6a60919d62a1662d3b680358,6a5b33f154b73fc9cb5effdf,6a5faffaf9a6aaf7b13e2e20,6a5e3f3f6ed32b9a22aee8e4,CMP-2026-0060,Surgo copiose via confero cunabula aegrotatio.,Crebro curso auctor despecto tamen magnam magnam minus. Color totidem damnatio. Cetera uter acceptus substantia aperiam anser volaticus patria statua auctor.,OTHER,MEDIUM,open,,2026-06-02 08:24:49.498,,False,PENDING,False,2026-05-31 08:24:49.498000+00:00,[],0,2026-07-22 09:47:09.306000+00:00,5,6,8,52.05743113920139,,False,30+ days,False
6a60919d62a1662d3b680360,6a5b33f154b73fc9cb5effdf,6a5e40d56ed32b9a22aee986,6a5b4909656cac97daff6b97,CMP-2026-0068,Aspernatur video vado cubicularis volup vix.,Ancilla antea tumultus censura sperno sortitus. Suggero aptus recusandae calculus vaco bellum rerum turba capillus. Vomito creo incidunt tergeo.,PLUMBING,MEDIUM,rejected,,2026-06-29 12:39:46.282,,False,PENDING,False,2026-06-27 12:39:46.282000+00:00,[],0,2026-07-22 09:47:09.306000+00:00,6,5,12,24.88038502809028,,False,8-30 days,False
6a60919d62a1662d3b680379,6a5b33f154b73fc9cb5effdf,6a5faffaf9a6aaf7b13e2e1f,6a605be607be72cd0147a59d,CMP-2026-0093,Aestas temporibus caute ea tener venustas.,Totidem vociferor cetera qui adimpleo cupiditate. Cernuus ocer collum tam omnis tot adaugeo. Substantia credo appono dolorem addo aiunt non statim stella amaritudo.,OTHER,MEDIUM,rejected,,2026-06-03 11:12:36.222,,False,PENDING,False,2026-06-01 11:12:36.222000+00:00,[],0,2026-07-22 09:47:09.307000+00:00,6,0,11,50.940918129942126,,False,30+ days,False
6a60919d62a1662d3b68034a,6a5b33f154b73fc9cb5effdf,6a5faffaf9a6aaf7b13e2e1f,6a5b4909656cac97daff6b82,CMP-2026-0046,Benevolentia cetera suadeo advoco tunc strues depereo sono adhaero advenio.,Optio demergo demonstro vulgo voluntarius depulso votum solutio. Congregatio molestiae depereo. Quaerat territo quas bellicus subseco cumque sto suadeo.,SECURITY,HIGH,in_progress,,2026-06-23 05:10:11.479,,False,PENDING,False,2026-06-21 05:10:11.479000+00:00,[],0,2026-07-22 09:47:09.305000+00:00,6,6,5,31.19259339614583,,True,30+ days,True
6a60919d62a1662d3b680352,6a5b33f154b73fc9cb5effdf,6a5fb2a4f9a6aaf7b13e2f11,6a5e3f3f6ed32b9a22aee8dc,CMP-2026-0054,Totus vinco toties praesentium.,Damnatio aeneus universe dedecor libero cervus aggero denique aro. Sordeo carus teneo. Autem urbanus dolor deorsum accommodo aliqua.,PARKING,CRITICAL,closed,,2026-05-03 22:27:45.799,2026-07-02 08:04:31.269,False,PENDING,False,2026-05-01 22:27:45.799000+00:00,[],0,2026-07-22 09:47:09.306000+00:00,5,4,22,81.47205728503472,1955.3231963888888,False,30+ days,False
6a60919d62a1662d3b680353,6a5b33f154b73fc9cb5effdf,6a605fde07be72cd0147a6cc,6a5b4909656cac97daff6bb6,CMP-2026-0055,Depromo dignissimos apostolus calco talus eos ad suscipio.,Textus tui somnus adsidue umbra. A velociter verbum crustulum viriliter absum. Vitium solutio vergo cruentus triumphus constans placeat.,PARKING,LOW,rejected,,2026-05-01 14:40:39.421,,False,PENDING,False,2026-04-29 14:40:39.421000+00:00,[],0,2026-07-22 09:47:09.306000+00:00,4,2,14,83.79643666003471,,False,30+ days,False
6a60919d62a1662d3b680336,6a5b33f154b73fc9cb5effdf,6a5e40d56ed32b9a22aee986,6a5e3f3f6ed32b9a22aee918,CMP-2026-0026,Conscendo speciosus adsidue velit enim cervus turpis decipio.,Vulgivagus ulterius victoria unus aeger claro auxilium cunctatio. Vitae vesper vorago creator vobis officia. Cilicium ascisco deduco conor error illum abstergo.,LIFT,LOW,closed,,2026-06-07 04:04:19.026,2026-06-17 13:02:58.626,False,PENDING,False,2026-06-05 04:04:19.026000+00:00,[],0,2026-07-22 09:47:09.305000+00:00,6,4,4,47.23833937994213,1133.7139663888888,False,30+ days,False
6a60919d62a1662d3b68037d,6a5b33f154b73fc9cb5effdf,6a5e40d56ed32b9a22aee986,6a5e3f3f6ed32b9a22aee94b,CMP-2026-0097,Suus viscus decerno quod occaecati.,Tabula denego denuo atavus curtus color vulgus blandior attero temptatio. Aegre tandem cerno. Aspicio statua decet adfectus corona tergeo.,SECURITY,LOW,open,,2026-06-06 00:24:36.352,,False,PENDING,False,2026-06-04 00:24:36.352000+00:00,[],0,2026-07-22 09:47:09.307000+00:00,6,3,0,48.3909166253125,,False,30+ days,False
6a60919d62a1662d3b680330,6a5b33f154b73fc9cb5effdf,6a5fb2a4f9a6aaf7b13e2f11,6a5e3f3f6ed32b9a22aee945,CMP-2026-0020,Culpa aegre tempora conicio.,Valeo vigilo tactus acquiro crebro abstergo aedificium stabilis vos sophismata. Adhuc varius suffragium demum bibo aggredior. Vulgus optio tunc argumentum utor impedit vorago tabesco.,PLUMBING,MEDIUM,resolved,,2026-06-11 21:09:34.365,2026-06-16 07:01:19.118,False,PENDING,False,2026-06-09 21:09:34.365000+00:00,[],0,2026-07-22 09:47:09.305000+00:00,6,1,21,42.52635628966435,1020.6263722222222,False,30+ days,False
6a60919d62a1662d3b68034f,6a5b33f154b73fc9cb5effdf,6a605fde07be72cd0147a6cc,6a605be607be72cd0147a5b8,CMP-2026-0051,Video tactus sollicito clibanus cauda summisse triduana harum.,Accusator terminatio thesis suffoco argumentum audentia thermae. Contigo vomito eveniet quidem antepono cubo arto attonbitus. Communis curriculum vestrum crinis.,GARDENING,CRITICAL,closed,,2026-07-16 17:00:52.156,2026-07-22 00:19:53.733,False,PENDING,False,2026-07-14 17:00:52.156000+00:00,[],0,2026-07-22 09:47:09.306000+00:00,7,1,17,7.699067041979166,184.77143055555555,False,8-30 days,False
6a60919d62a1662d3b68032b,6a5b33f154b73fc9cb5effdf,6a605fde07be72cd0147a6cc,6a5b4909656cac97daff6b8a,CMP-2026-0015,Cimentarius collum collum cenaculum optio bis cuius.,Atavus caelum voveo damno tribuo. Solio sustineo crinis crudelis unde tollo tubineus. Contigo dens voco magnam.,GARDENING,LOW,assigned,,2026-06-10 05:40:56.790,,False,PENDING,False,2026-06-08 05:40:56.790000+00:00,[],0,2026-07-22 09:47:09.305000+00:00,6,0,5,44.17123562994213,,False,30+ days,False
6a60919d62a1662d3b68037a,6a5b33f154b73fc9cb5effdf,6a605fde07be72cd0147a6cc,6a5b4909656cac97daff6bca,CMP-2026-0094,Ustulo patior laudantium vilis textilis validus cupiditas turba utilis.,Defessus autus cohors earum vinco validus. Deleniti voro crapula vapulus curo tabella utroque desolo. Unde tabernus texo pel brevis vulgus ventus sollicito terga depromo.,PLUMBING,HIGH,in_progress,,2026-06-17 06:40:18.263,,False,PENDING,False,2026-06-15 06:40:18.263000+00:00,[],0,2026-07-22 09:47:09.307000+00:00,6,0,6,37.13001487762731,,True,30+ days,True
6a60919d62a1662d3b68033b,6a5b33f154b73fc9cb5effdf,6a5e40d56ed32b9a22aee986,6a5b4909656cac97daff6b52,CMP-2026-0031,Tactus veniam studio.,Celebrer defungo tabesco mollitia. Ambulo velociter cado condico conatus comminor uberrime cubicularis. Aro synagoga cursim quam amaritudo.,SECURITY,LOW,closed,,2026-06-11 20:25:54.055,2026-07-07 01:44:51.577,False,PENDING,False,2026-06-09 20:25:54.055000+00:00,[],0,2026-07-22 09:47:09.305000+00:00,6,1,20,42.55668395170139,1021.3542361111112,False,30+ days,False
6a60919d62a1662d3b680343,6a5b33f154b73fc9cb5effdf,6a5faffaf9a6aaf7b13e2e1f,6a5b4909656cac97daff6b66,CMP-2026-0039,Ullam deporto concedo.,Deleniti vesica vel damno. Usus facere statim a bene argumentum nostrum totus terreo ea. Quo vilitas ambulo acidus bene vulgaris aer patior turba.,ELECTRICAL,MEDIUM,closed,,2026-07-15 22:36:31.755,2026-07-18 00:59:48.512,False,PENDING,False,2026-07-13 22:36:31.755000+00:00,[],0,2026-07-22 09:47:09.305000+00:00,7,0,22,8.46596983133102,203.17709722222224,False,8-30 days,False
6a60919d62a1662d3b680359,6a5b33f154b73fc9cb5effdf,6a5b5008120eac5c280cb195,6a5b4909656cac97daff6b4a,CMP-2026-0061,Verus textilis benigne.,Bellicus aetas porro curo constans. Super cena atqui confido ascit via vomer. Adinventitias tutis asper correptius sollicito aestus sulum terra sint compello.,PLUMBING,MEDIUM,rejected,,2026-07-17 20:06:39.484,,False,PENDING,False,2026-07-15 20:06:39.484000+00:00,[],0,2026-07-22 09:47:09.306000+00:00,7,2,20,6.570047041979167,,False,3-7 days,False
6a60919d62a1662d3b68035c,6a5b33f154b73fc9cb5effdf,6a5fb2a4f9a6aaf7b13e2f11,6a5e3f3f6ed32b9a22aee946,CMP-2026-0064,Alveus adnuo corporis aggero magnam.,Taedium comburo vomito. Denuncio thesaurus abundans autem beatus thesis nulla necessitatibus. Attollo tumultus quibusdam cometes trans.,SECURITY,CRITICAL,in_progress,,2026-06-04 23:25:14.061,,False,PENDING,False,2026-06-02 23:25:14.061000+00:00,[],0,2026-07-22 09:47:09.306000+00:00,6,1,23,49.432146845219904,,True,30+ days,True
6a60919d62a1662d3b68031e,6a5b33f154b73fc9cb5effdf,6a605fde07be72cd0147a6cc,6a5e3f3f6ed32b9a22aee94c,CMP-2026-0002,Blanditiis caute delibero.,Sui atrocitas excepturi aspicio tenus vestrum. Arcus depraedor cotidie ubi vere credo comedo. Audeo antea stips thermae nam voluptate reiciendis.,OTHER,MEDIUM,closed,,2026-06-09 10:16:00.908,2026-07-13 20:52:54.385,False,PENDING,False,2026-06-07 10:16:00.908000+00:00,[],0,2026-07-22 09:47:09.304000+00:00,6,6,10,44.98021574568287,1079.518998888889,False,30+ days,False
6a60919d62a1662d3b680377,6a5b33f154b73fc9cb5effdf,6a5e40d56ed32b9a22aee986,6a5b4909656cac97daff6bb9,CMP-2026-0091,Vix arbitro acies vitae virgo dapifer desparatus armarium aeternus depopulo.,Crastinus laborum ascit termes. Debitis damno amo pauci curo caveo suus tantum tollo. Solvo minima spectaculum defleo sordeo saepe arcesso.,SECURITY,HIGH,in_progress,,2026-06-19 23:12:03.922,,False,PENDING,False,2026-06-17 23:12:03.922000+00:00,[],0,2026-07-22 09:47:09.307000+00:00,6,2,23,34.44129197253472,,True,30+ days,True
6a60919d62a1662d3b680341,6a5b33f154b73fc9cb5effdf,6a5b5008120eac5c280cb195,6a605be607be72cd0147a5d2,CMP-2026-0037,Aliquid censura somniculosus commodo.,Audeo autem celebrer. Timor vaco sequi saepe ascit. Crastinus tabesco vacuus benevolentia causa placeat denuo.,CLEANING,LOW,in_progress,,2026-07-03 18:35:29.078,,False,PENDING,False,2026-07-01 18:35:29.078000+00:00,[],0,2026-07-22 09:47:09.305000+00:00,7,2,18,20.633361926238425,,True,8-30 days,True
6a60919d62a1662d3b680335,6a5b33f154b73fc9cb5effdf,6a5faffaf9a6aaf7b13e2e1f,6a5e3f3f6ed32b9a22aee93c,CMP-2026-0025,Sublime arx autus denuncio desidero tenuis.,Vulgivagus communis tyrannus toties. Tactus comes acsi magnam viscus armarium templum adhuc autem eius. Testimonium antiquus vapulus atqui dapifer architecto.,PARKING,CRITICAL,resolved,,2026-05-24 12:06:54.525,2026-06-30 11:38:16.435,False,PENDING,False,2026-05-22 12:06:54.525000+00:00,[],0,2026-07-22 09:47:09.305000+00:00,5,4,12,60.903206289664354,1461.6707722222222,False,30+ days,False
6a60919d62a1662d3b680363,6a5b33f154b73fc9cb5effdf,6a5faffaf9a6aaf7b13e2e1f,6a5e3f3f6ed32b9a22aee8eb,CMP-2026-0071,Pauci curiositas solutio.,Temeritas cibo spes creber denego civitas accusator. Vilicus curatio tres vorax conitor sint aurum aperiam dolore. Stips decet carcer valde reprehenderit solutio.,CLEANING,MEDIUM,assigned,,2026-06-28 12:05:25.405,,False,PENDING,False,2026-06-26 12:05:25.405000+00:00,[],0,2026-07-22 09:47:09.306000+00:00,6,4,12,25.904237771145837,,False,8-30 days,False
6a60919d62a1662d3b68034d,6a5b33f154b73fc9cb5effdf,6a5fb2a4f9a6aaf7b13e2f11,6a5b4909656cac97daff6b89,CMP-2026-0049,Ipsa tenuis combibo vado attonbitus reiciendis patrocinor cupiditas.,Cuppedia vos bardus. Suggero cur cohors. Averto sumptus infit.,PLUMBING,MEDIUM,in_progress,,2026-05-17 07:27:25.550,,False,PENDING,False,2026-05-15 07:27:25.550000+00:00,[],0,2026-07-22 09:47:09.306000+00:00,5,4,7,68.09729164846064,,True,30+ days,True
6a60919d62a1662d3b680324,6a5b33f154b73fc9cb5effdf,6a5faffaf9a6aaf7b13e2e1f,6a5b4909656cac97daff6bcc,CMP-2026-0008,Tametsi thema creber thema demens supplanto auditor.,Trans trepide auditor accusator succedo conor. Tenuis vivo vapulus appono theologus statim. Usitas tardus aliquid comprehendo cupiditas a patria.,PARKING,MEDIUM,in_progress,,2026-05-02 02:26:34.906,,False,PENDING,False,2026-04-30 02:26:34.906000+00:00,[],0,2026-07-22 09:47:09.304000+00:00,4,3,2,83.3062111392014,,True,30+ days,True
6a60919d62a1662d3b680361,6a5b33f154b73fc9cb5effdf,6a5e40d56ed32b9a22aee986,6a605be607be72cd0147a5b1,CMP-2026-0069,Minima urbanus statim.,Thymum angelus aliquid crur volubilis nemo caelestis caritas verus. Quam basium ascisco adsidue terga ciminatio venustas ascisco culpo. Brevis verus desidero suffragium.,GARDENING,LOW,assigned,,2026-06-26 15:08:05.427,,False,PENDING,False,2026-06-24 15:08:05.427000+00:00,[],0,2026-07-22 09:47:09.306000+00:00,6,2,15,27.77738566466435,,False,8-30 days,False
6a60919d62a1662d3b680338,6a5b33f154b73fc9cb5effdf,6a5e40d56ed32b9a22aee986,6a5b4909656cac97daff6b67,CMP-2026-0028,Cribro attonbitus cunctatio.,Volutabrum abeo laborum tantum cribro colligo thema supra thesis. Utpote pectus certus earum modi virgo decor vinculum nam vero. Adipiscor undique tametsi ipsam provident tum.,OTHER,MEDIUM,open,,2026-07-13 02:58:27.597,,False,PENDING,False,2026-07-11 02:58:27.597000+00:00,[],0,2026-07-22 09:47:09.305000+00:00,7,5,2,11.284073511886572,,False,8-30 days,False
6a60919d62a1662d3b68033f,6a5b33f154b73fc9cb5effdf,6a5faffaf9a6aaf7b13e2e1f,6a5e3f3f6ed32b9a22aee936,CMP-2026-0035,Tempora praesentium sunt cerno conatus cursim.,Comburo sufficio adeptio conforto vigor despecto somniculosus civis tolero vitiosus. Celo impedit trucido admoveo arx adicio. Cras voluptatum asporto.,PARKING,HIGH,open,,2026-05-08 15:28:45.098,,False,PENDING,False,2026-05-06 15:28:45.098000+00:00,[],0,2026-07-22 09:47:09.305000+00:00,5,2,15,76.76303762068288,,False,30+ days,False
6a60919d62a1662d3b680370,6a5b33f154b73fc9cb5effdf,6a5fb2a4f9a6aaf7b13e2f11,6a5e3f3f6ed32b9a22aee8ee,CMP-2026-0084,Sperno modi speculum.,Possimus conicio vobis bibo repellendus curia. Illum tempus suscipit caveo debilito defleo error. Modi delicate venia.,LIFT,MEDIUM,rejected,,2026-04-27 00:12:51.616,,False,PENDING,False,2026-04-25 00:12:51.616000+00:00,[],0,2026-07-22 09:47:09.306000+00:00,4,5,0,88.39907329197916,,False,30+ days,False
6a60919d62a1662d3b680373,6a5b33f154b73fc9cb5effdf,6a5e40d56ed32b9a22aee986,6a5e3f3f6ed32b9a22aee950,CMP-2026-0087,Utor conservo nam amiculum alias aequus tui viduo.,Curvo admoveo dolorem custodia derelinquo nemo eveniet crux depopulo calcar. Recusandae cognomen suffragium cohaero defleo decipio antea comedo qui. Numquam sublime subito tollo aequitas quas auxilium unde.,PLUMBING,CRITICAL,closed,,2026-05-27 15:17:59.168,2026-06-06 10:08:16.425,False,PENDING,False,2026-05-25 15:17:59.168000+00:00,[],0,2026-07-22 09:47:09.307000+00:00,5,0,15,57.770513662349536,1386.4861497222223,False,30+ days,False
6a60919d62a1662d3b680322,6a5b33f154b73fc9cb5effdf,6a5b5008120eac5c280cb195,6a5e3f3f6ed32b9a22aee90e,CMP-2026-0006,Caecus cedo defluo carus minus uberrime crapula damnatio tristis.,Adhaero itaque defendo surgo cras. Delicate magnam solvo deinde quia brevis tabella creber autem. Carpo argentum tepidus cattus antiquus.,PARKING,MEDIUM,closed,,2026-05-08 20:51:21.189,2026-05-08 16:23:52.075,False,PENDING,False,2026-05-06 20:51:21.189000+00:00,[],0,2026-07-22 09:47:09.304000+00:00,5,2,20,76.53900878966435,1836.9300319444444,False,30+ days,False
6a60919d62a1662d3b680357,6a5b33f154b73fc9cb5effdf,6a605fde07be72cd0147a6cc,6a605be607be72cd0147a5b8,CMP-2026-0059,Ambulo amicitia temperantia.,Aeternus demonstro asper apud amplus tabesco creptio. Cui sublime timidus thalassinus canto voluptatum. Argumentum tamen nisi corona labore cohors arbitro.,CLEANING,HIGH,open,,2026-06-14 20:12:25.037,,False,PENDING,False,2026-06-12 20:12:25.037000+00:00,[],0,2026-07-22 09:47:09.306000+00:00,6,4,20,39.56604758596065,,False,30+ days,False
