_id,societyId,title,content,priority,category,audience,createdBy,isPinned,isArchived,attachments,createdAt,publishDate,__v,updatedAt,created_month,created_weekday,created_hour
6a60919d62a1662d3b6804d6,6a5b33f154b73fc9cb5effdf,Casus collum animus quae theca.,"Illo textilis ventito baiulus tersus adamo. Asporto reiciendis denique decerno aperio calco conventus absconditus solio. Tergiversatio commemoro aer acer utrimque tricesimus.
Tolero culpo vilicus charisma cuppedia conicio arguo minima alias. Quae ullam vulgus adversus quod quia adaugeo acceptus. Facilis vesica porro calco uberrime cunctatio desolo.",LOW,General,[],6a5b33f154b73fc9cb5effe1,False,False,[],2026-05-11 23:15:58.677000+00:00,2026-07-22 09:47:09.896000+00:00,0,2026-07-22 09:47:09.898000+00:00,5,0,23
6a60919d62a1662d3b6804d7,6a5b33f154b73fc9cb5effdf,Succedo depromo triumphus claustrum sponte abstergo vester appello.,"Sordeo ab centum terra utilis. Curia approbo commemoro iusto odit conduco. Aequitas delectatio turba sordeo tenetur solutio.
Ambitus quisquam caelestis amitto cauda spoliatio. Autus caries deorsum subiungo coaegresco coepi crebro. Libero expedita ut deserunt ascisco demulceo perspiciatis assumenda terebro umquam.",MEDIUM,General,[],6a5b33f154b73fc9cb5effe1,False,False,[],2026-07-18 06:19:36.339000+00:00,2026-07-22 09:47:09.896000+00:00,0,2026-07-22 09:47:09.898000+00:00,7,5,6
6a60919d62a1662d3b6804d8,6a5b33f154b73fc9cb5effdf,Ciminatio cras spectaculum.,"Creptio magnam tergum iure. Supra advoco deleniti causa capillus commemoro. Voluptatibus urbs triumphus cohaero.
Conservo cribro textor doloremque. Suffragium desipio absconditus delibero coerceo sol crepusculum. Vulpes absque soluta comitatus.",HIGH,General,[],6a5b33f154b73fc9cb5effe1,False,False,[],2026-03-30 14:39:44.205000+00:00,2026-07-22 09:47:09.896000+00:00,0,2026-07-22 09:47:09.898000+00:00,3,0,14
6a60919d62a1662d3b6804d9,6a5b33f154b73fc9cb5effdf,Ultra vix admoveo degusto dolorem.,"Celo pecco infit aureus paulatim curso somnus magnam. Dolores delectatio est delectus carmen. Utrum veritatis aer.
Vita quia commemoro odio acidus coruscus accusamus vigilo tametsi vestigium. Paulatim creta tepesco arcesso tolero absconditus calamitas crux tabula. Harum quibusdam adipiscor.",LOW,General,[],6a5b33f154b73fc9cb5effe1,False,False,[],2026-04-08 05:12:23.842000+00:00,2026-07-22 09:47:09.897000+00:00,0,2026-07-22 09:47:09.898000+00:00,4,2,5
6a60919d62a1662d3b6804da,6a5b33f154b73fc9cb5effdf,Conor acies tonsor celer cohaero acer.,"Laboriosam cursus ex. Collum laborum approbo vulgivagus verumtamen deinde crudelis alter asper tersus. Calcar voluptatum cibus solutio tametsi defaeco iste.
Theca capitulus minima creo adulatio vivo vulgivagus advenio. Umbra ara blanditiis aranea. Eos degusto tempus acquiro pecco ulterius coepi vito congregatio.",LOW,General,[],6a5b33f154b73fc9cb5effe1,False,False,[],2026-03-13 15:12:54.924000+00:00,2026-07-22 09:47:09.897000+00:00,0,2026-07-22 09:47:09.898000+00:00,3,4,15
6a60919d62a1662d3b6804db,6a5b33f154b73fc9cb5effdf,Argentum optio video timidus odio accedo curiositas architecto adsidue apud.,"Tamquam hic temeritas desipio decet collum. Adhaero avarus minus praesentium harum inflammatio libero utrimque utroque assumenda. Vulgaris celer coruscus solium utpote accusamus id.
Umerus pecco tertius arx tutis. Adversus minus urbanus adflicto consectetur conicio amoveo cibo depulso atrocitas. Eum desparatus sunt.",MEDIUM,General,[],6a5b33f154b73fc9cb5effe1,False,False,[],2026-02-01 07:45:26.808000+00:00,2026-07-22 09:47:09.897000+00:00,0,2026-07-22 09:47:09.898000+00:00,2,6,7
6a60919d62a1662d3b6804dc,6a5b33f154b73fc9cb5effdf,Aggredior verto nemo dedecor utpote conitor.,"Vergo quo carus id adversus beneficium. Depraedor delinquo communis conscendo coadunatio spargo templum vel. Tantum coniecto arx colligo benigne aptus.
Denuncio deludo volutabrum laboriosam adimpleo. Fugit odit quasi varius defetiscor sodalitas. Magnam bonus damnatio.",HIGH,General,[],6a5b33f154b73fc9cb5effe1,False,False,[],2026-06-10 12:55:37.434000+00:00,2026-07-22 09:47:09.897000+00:00,0,2026-07-22 09:47:09.898000+00:00,6,2,12
6a60919d62a1662d3b6804dd,6a5b33f154b73fc9cb5effdf,Dignissimos adficio vinitor vox expedita aperio.,"Vox color quod defluo. Supra autem ut alioqui. Patruus exercitationem una.
Vesper toties colligo tersus a denego appello attero acer. Varietas convoco cura pectus socius arto fugit tribuo assumenda arbitro. Crepusculum autus aliqua inventore delinquo qui veritas.",LOW,General,[],6a5b33f154b73fc9cb5effe1,False,False,[],2026-05-09 21:55:19.038000+00:00,2026-07-22 09:47:09.897000+00:00,0,2026-07-22 09:47:09.898000+00:00,5,5,21
6a60919d62a1662d3b6804de,6a5b33f154b73fc9cb5effdf,Torrens aeger ultra cognomen.,"Conculco copiose totidem uterque conculco quia vado repudiandae cattus. Amicitia crux qui comparo barba quas abeo. Peccatus video quasi sortitus.
Sponte alveus correptius compello vulgaris conturbo defessus apto. Neque conitor pectus atrocitas coaegresco angulus. Cursus totam deputo vetus decerno reprehenderit demulceo adicio.",HIGH,General,[],6a5b33f154b73fc9cb5effe1,False,False,[],2026-04-02 01:39:34.717000+00:00,2026-07-22 09:47:09.897000+00:00,0,2026-07-22 09:47:09.898000+00:00,4,3,1
6a60919d62a1662d3b6804df,6a5b33f154b73fc9cb5effdf,Fugit audax contabesco antiquus adversus varius.,"Cras fugiat quasi itaque usque inflammatio. Tabesco turpis bibo antiquus aperiam. Tabgo voluptates cuppedia truculenter.
Conventus arca creptio angustus traho demoror. Velut desipio voluptates. Sub agnitio dicta annus collum bellum fugiat.",MEDIUM,General,[],6a5b33f154b73fc9cb5effe1,False,False,[],2026-02-20 16:15:18.530000+00:00,2026-07-22 09:47:09.897000+00:00,0,2026-07-22 09:47:09.898000+00:00,2,4,16
6a60919d62a1662d3b6804e0,6a5b33f154b73fc9cb5effdf,Sophismata auctor virtus campana tantillus.,"Teneo stultus tabesco. Consequatur approbo commemoro depulso virgo textilis molestias. Delinquo tam beatae varius calcar certe harum terminatio.
Alias armarium quo corroboro deficio. Solum curiositas vado. Coepi eos aut abutor crur sumptus spoliatio.",HIGH,General,[],6a5b33f154b73fc9cb5effe1,False,False,[],2026-02-20 00:39:11.966000+00:00,2026-07-22 09:47:09.897000+00:00,0,2026-07-22 09:47:09.898000+00:00,2,4,0
6a60919d62a1662d3b6804e1,6a5b33f154b73fc9cb5effdf,Terreo depraedor cena ipsam charisma testimonium.,"Usque argumentum tonsor sequi chirographum accendo. Auxilium audio aggero advenio tenus ambitus averto. Colligo spes adeo tenetur delicate nisi trepide adaugeo.
Vorax conspergo vigor corrumpo labore. Absens viridis vitiosus atavus accedo ager doloremque depopulo ipsam. Cicuta cruentus admoneo colligo.",LOW,General,[],6a5b33f154b73fc9cb5effe1,False,False,[],2026-03-31 04:08:01.223000+00:00,2026-07-22 09:47:09.897000+00:00,0,2026-07-22 09:47:09.898000+00:00,3,1,4
6a60919d62a1662d3b6804e2,6a5b33f154b73fc9cb5effdf,Statim corpus avaritia.,"Vigor surculus cavus voluntarius auctor perferendis commodi enim. Territo umbra altus tabernus cultura sollers. Corrigo ratione deinde urbs voluptatum crepusculum derideo terreo sui debitis.
Textus crastinus tenax concido sonitus demum adsuesco absens verus. Praesentium candidus tantillus astrum architecto candidus terebro. Bos vesper contabesco.",MEDIUM,General,[],6a5b33f154b73fc9cb5effe1,False,False,[],2026-03-14 14:16:22.243000+00:00,2026-07-22 09:47:09.897000+00:00,0,2026-07-22 09:47:09.898000+00:00,3,5,14
6a60919d62a1662d3b6804e3,6a5b33f154b73fc9cb5effdf,Somniculosus tempora vilicus quis.,"Triumphus arcus saepe. Armarium adaugeo adopto adfero. Addo taceo aranea tibi facere.
Dolorem valde cibo arto summisse aestas crudelis agnosco curis consectetur. Subito varietas cubitum aliquid conicio tres cerno cibus viscus. Placeat utrimque textus comes dolores adimpleo.",LOW,General,[],6a5b33f154b73fc9cb5effe1,False,False,[],2026-04-14 04:35:58.976000+00:00,2026-07-22 09:47:09.897000+00:00,0,2026-07-22 09:47:09.898000+00:00,4,1,4
6a60919d62a1662d3b6804e4,6a5b33f154b73fc9cb5effdf,Apostolus teneo tertius degenero audax aliquam contra temptatio absconditus votum.,"Temperantia adipiscor tricesimus. Abutor copiose coma vociferor. Vilitas vomer caries cohibeo aggredior clementia.
Pariatur abbas tubineus in vicinus amo tremo laborum delibero. Concido volaticus amo vos. Antea tenus tenuis asperiores quo acsi.",MEDIUM,General,[],6a5b33f154b73fc9cb5effe1,False,False,[],2026-06-18 20:56:47.249000+00:00,2026-07-22 09:47:09.897000+00:00,0,2026-07-22 09:47:09.898000+00:00,6,3,20
6a60919d62a1662d3b6804e5,6a5b33f154b73fc9cb5effdf,Terreo paulatim conduco sunt sto pecco ambulo casus dolorem termes.,"Sustineo vulnus vociferor comptus vulnus atrocitas deripio porro turpis. Adsidue triduana torrens velociter capio neque accusator animi. Corrumpo deserunt clam quaerat cupiditas collum quia animi tandem tubineus.
Acervus quasi cruciamentum desparatus ubi delibero vulnero quod laborum quaerat. Vester sonitus vacuus decet vesco articulus capio asper. Valeo iure coerceo turbo volup sursum.",MEDIUM,General,[],6a5b33f154b73fc9cb5effe1,False,False,[],2026-07-14 22:59:29.876000+00:00,2026-07-22 09:47:09.897000+00:00,0,2026-07-22 09:47:09.898000+00:00,7,1,22
6a60919d62a1662d3b6804e6,6a5b33f154b73fc9cb5effdf,Denuo iusto amet.,"Laudantium cuius autem territo vobis. Crudelis patrocinor thesis aetas nostrum acsi tabella tenus adsum asper. Teneo solitudo adipiscor delectus.
Tremo tum terga quod caste paulatim appono speciosus. Carpo verto varietas votum temperantia. Cicuta ustilo ciminatio occaecati turbo virtus distinctio amita communis.",MEDIUM,General,[],6a5b33f154b73fc9cb5effe1,False,False,[],2026-04-15 12:20:56.364000+00:00,2026-07-22 09:47:09.897000+00:00,0,2026-07-22 09:47:09.898000+00:00,4,2,12
6a60919d62a1662d3b6804e7,6a5b33f154b73fc9cb5effdf,Comminor uterque sint optio.,"Adeo deputo usitas comitatus facere repudiandae compello voluptate adeo. Abutor vilicus creator turba sufficio aeneus sunt sonitus terror. Concedo centum termes sustineo adnuo dolor tero doloremque soluta utpote.
Soleo antiquus thorax tego tenus. Casso at thorax quae. Annus studio desolo vulticulus.",MEDIUM,General,[],6a5b33f154b73fc9cb5effe1,False,False,[],2026-02-05 05:03:36.050000+00:00,2026-07-22 09:47:09.897000+00:00,0,2026-07-22 09:47:09.898000+00:00,2,3,5
6a60919d62a1662d3b6804e8,6a5b33f154b73fc9cb5effdf,Ad expedita tolero quam venia quisquam.,"Communis denique varietas vulgo neque agnosco amplus adopto voluptates. Depulso utique taceo aliquid. Thesis totus argumentum.
Decet tepidus tergum illo absens sint totam delibero spectaculum. Ceno possimus vox. Pecto aestivus apostolus bibo laborum alias.",MEDIUM,General,[],6a5b33f154b73fc9cb5effe1,False,False,[],2026-03-12 21:20:20.545000+00:00,2026-07-22 09:47:09.897000+00:00,0,2026-07-22 09:47:09.898000+00:00,3,3,21
